data_class,method,mae,max-fm,mean-fm,max-Emeasure,mean-Emeasure,S-measure,AP,AUC
CoCA_beer_bottle,CoU2Net,0.0639,0.6197,0.6091,0.8124,0.8007,0.7581,0.5623,0.8859
CoCA_beer_bottle,CoLDF,0.0561,0.6499,0.6422,0.8297,0.8168,0.7820,0.5994,0.8856
CoCA_beer_bottle,COEGNET,0.1174,0.5072,0.4822,0.7089,0.6964,0.6305,0.4033,0.7684
CoCA_beer_bottle,GICD,0.0894,0.5814,0.5759,0.7996,0.7874,0.7006,0.4852,0.8361
CoCA_beer_bottle,GCoNet,0.0946,0.5122,0.5017,0.8219,0.7909,0.6725,0.3970,0.8001
CoCA_beer_bottle,LDF,0.1428,0.5082,0.4993,0.7120,0.6878,0.6836,0.4641,0.8485
CoCA_beer_bottle,U2Net,0.1579,0.4615,0.4518,0.6780,0.6346,0.6536,0.4122,0.8891
CoCA_high_heels,CoU2Net,0.1542,0.5160,0.4973,0.7652,0.7162,0.6520,0.4590,0.8748
CoCA_high_heels,CoLDF,0.1314,0.5465,0.5402,0.7856,0.7731,0.6793,0.4670,0.8513
CoCA_high_heels,COEGNET,0.1122,0.5805,0.5566,0.7011,0.6813,0.6199,0.4349,0.7257
CoCA_high_heels,GICD,0.0989,0.6157,0.6090,0.8024,0.7939,0.7143,0.5009,0.8332
CoCA_high_heels,GCoNet,0.1227,0.5580,0.5480,0.8378,0.7929,0.6573,0.4582,0.8257
CoCA_high_heels,LDF,0.1594,0.4872,0.4797,0.7300,0.6966,0.6409,0.4259,0.8609
CoCA_high_heels,U2Net,0.1912,0.4580,0.4368,0.6715,0.6213,0.6148,0.4173,0.8955
CoCA_chopsticks,CoU2Net,0.2071,0.2028,0.1942,0.5574,0.4932,0.4640,0.1854,0.6667
CoCA_chopsticks,CoLDF,0.1732,0.2364,0.2252,0.5873,0.5377,0.4947,0.2012,0.6917
CoCA_chopsticks,COEGNET,0.0899,0.5154,0.4544,0.7908,0.7229,0.6646,0.4351,0.8300
CoCA_chopsticks,GICD,0.2563,0.2384,0.2340,0.5280,0.5053,0.4849,0.1677,0.6479
CoCA_chopsticks,GCoNet,0.2364,0.1645,0.1608,0.5561,0.5391,0.4456,0.1293,0.5716
CoCA_chopsticks,LDF,0.2613,0.2571,0.2486,0.5495,0.4950,0.4983,0.2269,0.7327
CoCA_chopsticks,U2Net,0.3072,0.2736,0.2596,0.5309,0.4587,0.5000,0.2425,0.7468
CoCA_squirrel,CoU2Net,0.0536,0.7831,0.7599,0.9019,0.8914,0.8196,0.7194,0.9142
CoCA_squirrel,CoLDF,0.0404,0.8378,0.8105,0.9256,0.9184,0.8561,0.7870,0.9202
CoCA_squirrel,COEGNET,0.0486,0.8279,0.8064,0.9011,0.8674,0.8086,0.6826,0.8393
CoCA_squirrel,GICD,0.0332,0.8726,0.8609,0.9394,0.9359,0.8715,0.8076,0.9269
CoCA_squirrel,GCoNet,0.0270,0.9020,0.8937,0.9486,0.9384,0.8874,0.8436,0.9220
CoCA_squirrel,LDF,0.0590,0.8006,0.7674,0.8847,0.8692,0.8411,0.7998,0.9487
CoCA_squirrel,U2Net,0.1011,0.6948,0.6695,0.8084,0.7947,0.7645,0.6836,0.9338
CoCA_poker,CoU2Net,0.2639,0.5824,0.5474,0.6714,0.6422,0.5659,0.5231,0.7371
CoCA_poker,CoLDF,0.2629,0.5999,0.5665,0.6710,0.6436,0.5650,0.5390,0.7324
CoCA_poker,COEGNET,0.2836,0.5117,0.4748,0.6340,0.6067,0.5286,0.4707,0.6590
CoCA_poker,GICD,0.2641,0.5771,0.5756,0.6507,0.6485,0.5753,0.5252,0.7084
CoCA_poker,GCoNet,0.2545,0.6135,0.6077,0.6782,0.6616,0.5624,0.5360,0.6840
CoCA_poker,LDF,0.2535,0.6193,0.5911,0.6920,0.6676,0.6146,0.5740,0.7653
CoCA_poker,U2Net,0.2742,0.5871,0.5507,0.6759,0.6304,0.6093,0.5431,0.7812
CoCA_rabbit,CoU2Net,0.0573,0.8236,0.8041,0.9099,0.9020,0.8442,0.7803,0.9224
CoCA_rabbit,CoLDF,0.0513,0.8397,0.8268,0.9147,0.9110,0.8531,0.7938,0.9163
CoCA_rabbit,COEGNET,0.0809,0.7079,0.6964,0.8024,0.7882,0.7402,0.5945,0.8025
CoCA_rabbit,GICD,0.0435,0.8275,0.8171,0.9270,0.9229,0.8554,0.7629,0.9219
CoCA_rabbit,GCoNet,0.0460,0.8341,0.8195,0.9047,0.8970,0.8534,0.7958,0.9277
CoCA_rabbit,LDF,0.1152,0.7651,0.7245,0.8457,0.8167,0.7975,0.7593,0.9061
CoCA_rabbit,U2Net,0.1606,0.6987,0.6450,0.8059,0.7486,0.7444,0.6887,0.9215
CoCA_sunflower,CoU2Net,0.0867,0.8012,0.7750,0.8719,0.8596,0.7874,0.7834,0.9290
CoCA_sunflower,CoLDF,0.1075,0.7194,0.6808,0.8107,0.7748,0.7112,0.6521,0.8740
CoCA_sunflower,COEGNET,0.1400,0.5835,0.5034,0.7328,0.6258,0.5844,0.4627,0.7426
CoCA_sunflower,GICD,0.1668,0.4654,0.4577,0.6336,0.6302,0.5661,0.3636,0.7156
CoCA_sunflower,GCoNet,0.1498,0.5561,0.5535,0.7645,0.7492,0.6029,0.4111,0.7193
CoCA_sunflower,LDF,0.1641,0.5771,0.5708,0.7207,0.7159,0.6275,0.5229,0.8261
CoCA_sunflower,U2Net,0.1648,0.6405,0.5982,0.7448,0.7232,0.6637,0.6106,0.8852
CoCA_sticky_note,CoU2Net,0.1709,0.1302,0.0921,0.4304,0.4086,0.4345,0.1142,0.4698
CoCA_sticky_note,CoLDF,0.1499,0.1302,0.0850,0.5655,0.5325,0.4298,0.1160,0.4752
CoCA_sticky_note,COEGNET,0.0883,0.3936,0.3144,0.7148,0.6395,0.6008,0.2727,0.7194
CoCA_sticky_note,GICD,0.1544,0.3630,0.3453,0.6422,0.6220,0.5617,0.2721,0.7479
CoCA_sticky_note,GCoNet,0.1666,0.2912,0.2848,0.6298,0.6078,0.5107,0.1739,0.6009
CoCA_sticky_note,LDF,0.1774,0.3523,0.2808,0.6716,0.5752,0.5185,0.2687,0.7664
CoCA_sticky_note,U2Net,0.2036,0.3825,0.3634,0.6966,0.6052,0.5861,0.4031,0.8251
CoCA_glasses,CoU2Net,0.1560,0.3471,0.3348,0.6722,0.6104,0.5811,0.2965,0.8309
CoCA_glasses,CoLDF,0.1385,0.4473,0.4339,0.7289,0.7058,0.6305,0.3838,0.8188
CoCA_glasses,COEGNET,0.0953,0.1790,0.1401,0.7671,0.6502,0.4731,0.1098,0.5300
CoCA_glasses,GICD,0.1448,0.4127,0.4032,0.6379,0.6151,0.6150,0.3501,0.8199
CoCA_glasses,GCoNet,0.1207,0.3868,0.3829,0.6683,0.6212,0.6164,0.3259,0.8340
CoCA_glasses,LDF,0.1956,0.4225,0.4084,0.6584,0.6075,0.5958,0.4109,0.8318
CoCA_glasses,U2Net,0.3248,0.2938,0.2857,0.5081,0.4558,0.4998,0.2788,0.7942
CoCA_pigeon,CoU2Net,0.0735,0.6463,0.6367,0.7944,0.7816,0.7520,0.5842,0.9011
CoCA_pigeon,CoLDF,0.0551,0.6907,0.6766,0.8083,0.8029,0.7872,0.6243,0.8987
CoCA_pigeon,COEGNET,0.0643,0.7222,0.6954,0.8260,0.7979,0.7305,0.6019,0.8431
CoCA_pigeon,GICD,0.0651,0.6597,0.6537,0.8121,0.8035,0.7691,0.5846,0.8943
CoCA_pigeon,GCoNet,0.0940,0.6337,0.6257,0.8197,0.8047,0.7497,0.5721,0.8796
CoCA_pigeon,LDF,0.1060,0.6248,0.6004,0.7786,0.7424,0.7566,0.6064,0.9072
CoCA_pigeon,U2Net,0.1624,0.4927,0.4828,0.6541,0.6369,0.6676,0.4624,0.9013
CoCA_violin,CoU2Net,0.1331,0.5188,0.4656,0.7265,0.7079,0.6459,0.4527,0.8606
CoCA_violin,CoLDF,0.1298,0.5047,0.4790,0.7120,0.6864,0.6477,0.4514,0.8567
CoCA_violin,COEGNET,0.1713,0.5299,0.4179,0.6961,0.5986,0.5573,0.4108,0.7412
CoCA_violin,GICD,0.0862,0.6593,0.6468,0.8064,0.7942,0.7251,0.5884,0.8757
CoCA_violin,GCoNet,0.0686,0.7445,0.7372,0.8684,0.8589,0.7499,0.6524,0.8490
CoCA_violin,LDF,0.2828,0.3504,0.3484,0.5915,0.5243,0.5337,0.3067,0.7242
CoCA_violin,U2Net,0.2891,0.3865,0.3540,0.5636,0.5485,0.5285,0.3406,0.7852
CoCA_pine_cone,CoU2Net,0.1236,0.2916,0.2803,0.7845,0.6803,0.5828,0.2005,0.7814
CoCA_pine_cone,CoLDF,0.1248,0.3033,0.2973,0.6926,0.6798,0.5633,0.1929,0.7184
CoCA_pine_cone,COEGNET,0.0817,0.2396,0.2024,0.7563,0.7354,0.5208,0.1130,0.6015
CoCA_pine_cone,GICD,0.0898,0.4255,0.4131,0.7737,0.7357,0.6585,0.3075,0.8128
CoCA_pine_cone,GCoNet,0.0929,0.4335,0.4161,0.7208,0.6990,0.6266,0.3238,0.7917
CoCA_pine_cone,LDF,0.1707,0.2492,0.2433,0.5763,0.5447,0.5441,0.1817,0.7459
CoCA_pine_cone,U2Net,0.1740,0.2395,0.2186,0.6605,0.5485,0.5376,0.1830,0.7867
CoCA_helicopter,CoU2Net,0.0472,0.6446,0.6270,0.8428,0.8254,0.7529,0.5343,0.8534
CoCA_helicopter,CoLDF,0.0571,0.6177,0.6061,0.8068,0.8019,0.7432,0.5097,0.8481
CoCA_helicopter,COEGNET,0.0571,0.5984,0.5475,0.7158,0.6641,0.6537,0.4322,0.7463
CoCA_helicopter,GICD,0.0757,0.5564,0.5473,0.7931,0.7774,0.7033,0.4467,0.8298
CoCA_helicopter,GCoNet,0.0454,0.7020,0.6881,0.9043,0.8972,0.7675,0.5876,0.8628
CoCA_helicopter,LDF,0.0680,0.5959,0.5844,0.7936,0.7836,0.7308,0.5511,0.9071
CoCA_helicopter,U2Net,0.0571,0.7054,0.6791,0.8716,0.8530,0.7810,0.6574,0.9178
CoCA_hammock,CoU2Net,0.1099,0.2923,0.2801,0.7229,0.6988,0.5527,0.1896,0.7395
CoCA_hammock,CoLDF,0.1014,0.4292,0.4223,0.7208,0.7094,0.6213,0.3058,0.7963
CoCA_hammock,COEGNET,0.0785,0.4527,0.3278,0.6980,0.6116,0.5435,0.2718,0.6770
CoCA_hammock,GICD,0.1151,0.3955,0.3896,0.7623,0.7466,0.5832,0.2725,0.7502
CoCA_hammock,GCoNet,0.1060,0.4164,0.3973,0.7674,0.7258,0.5893,0.2932,0.7876
CoCA_hammock,LDF,0.1220,0.4718,0.4609,0.7246,0.6943,0.6267,0.3772,0.8302
CoCA_hammock,U2Net,0.1353,0.3385,0.3136,0.7383,0.6705,0.5595,0.2402,0.7814
CoCA_camera,CoU2Net,0.0999,0.3696,0.3583,0.6595,0.6305,0.6134,0.3016,0.8298
CoCA_camera,CoLDF,0.0933,0.4716,0.4388,0.7522,0.6881,0.6530,0.3995,0.8584
CoCA_camera,COEGNET,0.1102,0.3115,0.2588,0.6835,0.6255,0.5473,0.2179,0.7199
CoCA_camera,GICD,0.1410,0.4109,0.3969,0.6121,0.5927,0.6152,0.3660,0.8518
CoCA_camera,GCoNet,0.0883,0.5156,0.4727,0.7396,0.6875,0.6676,0.4545,0.9007
CoCA_camera,LDF,0.2056,0.3481,0.2998,0.5845,0.4952,0.5497,0.3194,0.8545
CoCA_camera,U2Net,0.2194,0.2635,0.2520,0.5302,0.4745,0.5187,0.2289,0.8310
CoCA_tablet,CoU2Net,0.1068,0.6457,0.5902,0.7972,0.7393,0.6912,0.5926,0.8732
CoCA_tablet,CoLDF,0.0990,0.6453,0.6318,0.7786,0.7509,0.7155,0.5883,0.8371
CoCA_tablet,COEGNET,0.0813,0.7354,0.5659,0.8018,0.6870,0.6913,0.6371,0.8337
CoCA_tablet,GICD,0.1187,0.6278,0.6101,0.7829,0.7600,0.7228,0.5740,0.8701
CoCA_tablet,GCoNet,0.1076,0.6264,0.6224,0.7918,0.7763,0.7186,0.5838,0.8335
CoCA_tablet,LDF,0.1427,0.5639,0.5588,0.7321,0.7273,0.7013,0.5116,0.8429
CoCA_tablet,U2Net,0.1698,0.5376,0.4931,0.7269,0.6940,0.6600,0.4975,0.8815
CoCA_backpack,CoU2Net,0.1134,0.5386,0.5141,0.7924,0.7200,0.6699,0.4722,0.8956
CoCA_backpack,CoLDF,0.1207,0.5301,0.5025,0.7535,0.6853,0.6647,0.4954,0.9005
CoCA_backpack,COEGNET,0.0975,0.4778,0.4519,0.7429,0.7303,0.6071,0.3599,0.7375
CoCA_backpack,GICD,0.1037,0.5412,0.5251,0.7324,0.7105,0.6756,0.4797,0.8725
CoCA_backpack,GCoNet,0.0946,0.5480,0.5301,0.7714,0.7350,0.6842,0.4756,0.8743
CoCA_backpack,LDF,0.1380,0.4694,0.4544,0.7007,0.6356,0.6283,0.4334,0.8851
CoCA_backpack,U2Net,0.1305,0.4789,0.4569,0.7278,0.6591,0.6349,0.4196,0.8879
CoCA_hammer,CoU2Net,0.1218,0.2435,0.2377,0.6151,0.5976,0.5342,0.1713,0.7538
CoCA_hammer,CoLDF,0.1217,0.2515,0.2371,0.6056,0.5886,0.5157,0.1823,0.7382
CoCA_hammer,COEGNET,0.0896,0.1905,0.1424,0.6504,0.5836,0.4991,0.1169,0.6550
CoCA_hammer,GICD,0.1321,0.3007,0.2922,0.6064,0.5756,0.5529,0.2272,0.7944
CoCA_hammer,GCoNet,0.1137,0.3247,0.3186,0.6610,0.6105,0.5632,0.2511,0.8015
CoCA_hammer,LDF,0.2031,0.1906,0.1822,0.5510,0.5139,0.4730,0.1416,0.7259
CoCA_hammer,U2Net,0.1990,0.2026,0.1938,0.5431,0.5043,0.4945,0.1585,0.7753
CoCA_potato,CoU2Net,0.1280,0.6186,0.5602,0.7739,0.7324,0.6679,0.5726,0.8837
CoCA_potato,CoLDF,0.1485,0.5870,0.5732,0.7717,0.7563,0.6876,0.5365,0.8289
CoCA_potato,COEGNET,0.0955,0.5851,0.5445,0.8018,0.7335,0.6686,0.4618,0.7907
CoCA_potato,GICD,0.1365,0.5773,0.5637,0.7405,0.7244,0.6676,0.5048,0.8224
CoCA_potato,GCoNet,0.0773,0.6611,0.6428,0.8066,0.7910,0.7655,0.5850,0.8809
CoCA_potato,LDF,0.1494,0.6025,0.5865,0.7390,0.7219,0.7135,0.6339,0.8575
CoCA_potato,U2Net,0.1634,0.5927,0.5275,0.7267,0.6684,0.6578,0.5654,0.8953
CoCA_UAV,CoU2Net,0.0308,0.5464,0.5206,0.7402,0.7044,0.7365,0.4058,0.8207
CoCA_UAV,CoLDF,0.0293,0.6317,0.6228,0.8319,0.8174,0.7806,0.5242,0.8627
CoCA_UAV,COEGNET,0.0436,0.4147,0.2701,0.7360,0.5872,0.5369,0.1951,0.6410
CoCA_UAV,GICD,0.0363,0.4975,0.4902,0.7864,0.7764,0.6982,0.3748,0.8427
CoCA_UAV,GCoNet,0.0376,0.4931,0.4759,0.7704,0.7470,0.7099,0.4222,0.8881
CoCA_UAV,LDF,0.0676,0.3753,0.3682,0.6359,0.6220,0.6792,0.3259,0.8917
CoCA_UAV,U2Net,0.0679,0.3653,0.3487,0.6398,0.6263,0.6685,0.2930,0.8548
CoCA_Accordion,CoU2Net,0.1232,0.7466,0.7096,0.8385,0.8149,0.7353,0.6798,0.8979
CoCA_Accordion,CoLDF,0.0980,0.7401,0.7286,0.8494,0.8447,0.7666,0.6741,0.8945
CoCA_Accordion,COEGNET,0.2007,0.5360,0.5067,0.6833,0.6588,0.5764,0.4546,0.7357
CoCA_Accordion,GICD,0.1333,0.6340,0.6213,0.7419,0.7297,0.6844,0.5851,0.8486
CoCA_Accordion,GCoNet,0.0997,0.7563,0.7423,0.8186,0.8099,0.7617,0.7111,0.8851
CoCA_Accordion,LDF,0.2082,0.5135,0.4776,0.6474,0.6016,0.6009,0.4745,0.8274
CoCA_Accordion,U2Net,0.2105,0.4965,0.4906,0.6418,0.6162,0.6060,0.4777,0.8790
CoCA_globe,CoU2Net,0.1039,0.6030,0.5778,0.8432,0.8241,0.7215,0.4804,0.8363
CoCA_globe,CoLDF,0.1091,0.5771,0.5404,0.7881,0.7802,0.6949,0.4667,0.8165
CoCA_globe,COEGNET,0.0698,0.7363,0.6559,0.8259,0.7107,0.7130,0.5864,0.8041
CoCA_globe,GICD,0.1144,0.6293,0.6178,0.8053,0.7886,0.7298,0.5303,0.8226
CoCA_globe,GCoNet,0.0764,0.6922,0.6730,0.8825,0.8623,0.7502,0.5834,0.8602
CoCA_globe,LDF,0.1840,0.5342,0.4679,0.7633,0.6764,0.6324,0.4655,0.8128
CoCA_globe,U2Net,0.1578,0.6012,0.5644,0.7849,0.7231,0.6984,0.5442,0.8679
CoCA_faucet,CoU2Net,0.0853,0.3362,0.3289,0.6613,0.6354,0.6083,0.2285,0.7752
CoCA_faucet,CoLDF,0.0615,0.3974,0.3875,0.7390,0.7031,0.6485,0.3038,0.8364
CoCA_faucet,COEGNET,0.0819,0.2424,0.2325,0.6387,0.6088,0.5386,0.1532,0.6156
CoCA_faucet,GICD,0.1766,0.2948,0.2925,0.4999,0.4905,0.5655,0.2433,0.7481
CoCA_faucet,GCoNet,0.0776,0.4237,0.4193,0.6667,0.6484,0.6264,0.3585,0.8117
CoCA_faucet,LDF,0.1095,0.3307,0.3152,0.6945,0.6408,0.6058,0.2533,0.8047
CoCA_faucet,U2Net,0.1595,0.2868,0.2683,0.6114,0.5555,0.5677,0.1976,0.7283
CoCA_pocket_watch,CoU2Net,0.0488,0.5420,0.5313,0.7609,0.7378,0.7183,0.4164,0.8235
CoCA_pocket_watch,CoLDF,0.0630,0.5255,0.5208,0.7612,0.7539,0.7095,0.4235,0.8248
CoCA_pocket_watch,COEGNET,0.0600,0.5498,0.4616,0.7336,0.6546,0.6235,0.3518,0.7018
CoCA_pocket_watch,GICD,0.0578,0.6747,0.6598,0.8266,0.8065,0.7884,0.6321,0.9293
CoCA_pocket_watch,GCoNet,0.0828,0.5986,0.5647,0.7896,0.7514,0.7240,0.5203,0.8799
CoCA_pocket_watch,LDF,0.1615,0.3936,0.3589,0.6455,0.5824,0.5902,0.3599,0.8594
CoCA_pocket_watch,U2Net,0.1514,0.3658,0.3561,0.6623,0.5963,0.5958,0.2884,0.8068
CoCA_microphone,CoU2Net,0.0995,0.2280,0.2002,0.6026,0.4838,0.5143,0.1397,0.7102
CoCA_microphone,CoLDF,0.1037,0.2692,0.2572,0.5674,0.5198,0.5409,0.1784,0.7438
CoCA_microphone,COEGNET,0.0750,0.2821,0.2766,0.6276,0.6030,0.5565,0.1580,0.6780
CoCA_microphone,GICD,0.1062,0.3179,0.3057,0.5579,0.5356,0.5963,0.2644,0.8439
CoCA_microphone,GCoNet,0.0706,0.2787,0.2665,0.5557,0.5205,0.5846,0.1979,0.8183
CoCA_microphone,LDF,0.2434,0.2006,0.1907,0.4549,0.4260,0.4881,0.1987,0.8030
CoCA_microphone,U2Net,0.2315,0.1689,0.1640,0.4775,0.4280,0.4672,0.1316,0.7298
CoCA_lollipop,CoU2Net,0.1573,0.2491,0.2362,0.5294,0.4698,0.5549,0.2501,0.8996
CoCA_lollipop,CoLDF,0.1361,0.3023,0.2647,0.5242,0.4858,0.5678,0.2718,0.8499
CoCA_lollipop,COEGNET,0.1361,0.2296,0.2113,0.5628,0.5144,0.5212,0.1532,0.6821
CoCA_lollipop,GICD,0.1039,0.2917,0.2817,0.5256,0.5128,0.5995,0.2468,0.8268
CoCA_lollipop,GCoNet,0.0537,0.3557,0.3320,0.6087,0.5738,0.6680,0.2862,0.8827
CoCA_lollipop,LDF,0.2685,0.2130,0.1863,0.4509,0.4120,0.4794,0.1880,0.7569
CoCA_lollipop,U2Net,0.2882,0.2058,0.1988,0.4266,0.4150,0.4817,0.2130,0.8215
CoCA_towel,CoU2Net,0.2495,0.3204,0.3125,0.6354,0.6273,0.4690,0.2620,0.6144
CoCA_towel,CoLDF,0.2607,0.2627,0.2599,0.6143,0.5935,0.4378,0.2416,0.5798
CoCA_towel,COEGNET,0.2058,0.3350,0.2933,0.6592,0.6105,0.4886,0.2663,0.6412
CoCA_towel,GICD,0.1716,0.5382,0.5354,0.7272,0.7220,0.6341,0.4297,0.7325
CoCA_towel,GCoNet,0.1636,0.5729,0.5678,0.7619,0.7524,0.6359,0.4663,0.7492
CoCA_towel,LDF,0.2570,0.3944,0.3848,0.6753,0.6092,0.5245,0.3213,0.6927
CoCA_towel,U2Net,0.2259,0.4972,0.4685,0.7020,0.6442,0.5847,0.4246,0.8108
CoCA_eggplant,CoU2Net,0.2528,0.3195,0.2860,0.6893,0.6501,0.4800,0.2424,0.6706
CoCA_eggplant,CoLDF,0.2468,0.3575,0.3308,0.6755,0.6430,0.4949,0.2688,0.6642
CoCA_eggplant,COEGNET,0.1892,0.3206,0.2717,0.6358,0.5791,0.4928,0.2424,0.6378
CoCA_eggplant,GICD,0.2028,0.3805,0.3778,0.7115,0.6980,0.5381,0.2791,0.6764
CoCA_eggplant,GCoNet,0.2428,0.2217,0.2150,0.7062,0.7034,0.4147,0.1674,0.5093
CoCA_eggplant,LDF,0.2750,0.3514,0.3362,0.6440,0.5909,0.5010,0.2800,0.6884
CoCA_eggplant,U2Net,0.3006,0.3162,0.2822,0.6152,0.5663,0.4723,0.2541,0.7183
CoCA_hourglass,CoU2Net,0.1317,0.4602,0.3595,0.6394,0.5502,0.5809,0.3530,0.7195
CoCA_hourglass,CoLDF,0.0950,0.7235,0.6893,0.8489,0.7856,0.7053,0.6215,0.8256
CoCA_hourglass,COEGNET,0.1803,0.3442,0.2248,0.5947,0.5144,0.4836,0.3146,0.6709
CoCA_hourglass,GICD,0.1225,0.6554,0.6500,0.7683,0.7655,0.7171,0.5773,0.8141
CoCA_hourglass,GCoNet,0.1717,0.4607,0.4557,0.6881,0.6630,0.5846,0.3757,0.7496
CoCA_hourglass,LDF,0.1918,0.4197,0.4100,0.6696,0.6312,0.5738,0.3628,0.7712
CoCA_hourglass,U2Net,0.3136,0.2367,0.2096,0.5861,0.4804,0.4380,0.1887,0.6226
CoCA_frisbee,CoU2Net,0.0985,0.1755,0.1385,0.7052,0.4098,0.5218,0.1287,0.7266
CoCA_frisbee,CoLDF,0.1019,0.1719,0.1498,0.4382,0.4189,0.5391,0.1233,0.7506
CoCA_frisbee,COEGNET,0.0250,0.3893,0.3548,0.6945,0.6683,0.6645,0.2502,0.8030
CoCA_frisbee,GICD,0.0732,0.2703,0.2628,0.4912,0.4831,0.5772,0.1769,0.7580
CoCA_frisbee,GCoNet,0.0805,0.2711,0.2520,0.4910,0.4714,0.5974,0.2245,0.8606
CoCA_frisbee,LDF,0.1169,0.2098,0.1852,0.4495,0.4100,0.5697,0.1871,0.8942
CoCA_frisbee,U2Net,0.1131,0.2555,0.1675,0.4760,0.4074,0.5413,0.1827,0.8317
CoCA_rocking_horse,CoU2Net,0.1796,0.4647,0.4535,0.7453,0.6880,0.6181,0.3810,0.8150
CoCA_rocking_horse,CoLDF,0.1705,0.4792,0.4753,0.7479,0.7048,0.6279,0.3934,0.7881
CoCA_rocking_horse,COEGNET,0.1526,0.3033,0.2701,0.6431,0.6038,0.5001,0.2102,0.6143
CoCA_rocking_horse,GICD,0.2495,0.3750,0.3733,0.6133,0.5926,0.5559,0.2917,0.6762
CoCA_rocking_horse,GCoNet,0.1232,0.5258,0.5221,0.8041,0.7857,0.6472,0.4186,0.8002
CoCA_rocking_horse,LDF,0.2560,0.4050,0.3953,0.6152,0.5789,0.5748,0.3507,0.7532
CoCA_rocking_horse,U2Net,0.2615,0.3897,0.3776,0.6078,0.5629,0.5611,0.3373,0.8051
CoCA_strawberry,CoU2Net,0.1497,0.5580,0.5419,0.7636,0.7205,0.6562,0.4865,0.8626
CoCA_strawberry,CoLDF,0.1306,0.5871,0.5703,0.7918,0.7462,0.6770,0.5265,0.8460
CoCA_strawberry,COEGNET,0.0956,0.6123,0.5784,0.8174,0.7659,0.6399,0.4507,0.7513
CoCA_strawberry,GICD,0.1285,0.5928,0.5826,0.7541,0.7357,0.7014,0.5361,0.8525
CoCA_strawberry,GCoNet,0.0906,0.6926,0.6754,0.8267,0.8104,0.7603,0.6424,0.8922
CoCA_strawberry,LDF,0.1737,0.5026,0.4704,0.7264,0.6570,0.6322,0.4524,0.8385
CoCA_strawberry,U2Net,0.2008,0.5067,0.4584,0.7146,0.6252,0.6177,0.4566,0.8809
CoCA_watermelon,CoU2Net,0.1441,0.5441,0.5149,0.7400,0.7099,0.6343,0.4496,0.8065
CoCA_watermelon,CoLDF,0.1667,0.5127,0.4821,0.7216,0.6780,0.6021,0.4181,0.7680
CoCA_watermelon,COEGNET,0.0812,0.6971,0.6681,0.8145,0.7876,0.7238,0.5826,0.8259
CoCA_watermelon,GICD,0.1310,0.5987,0.5844,0.7550,0.7380,0.6883,0.5377,0.8384
CoCA_watermelon,GCoNet,0.1157,0.5973,0.5825,0.7499,0.7362,0.6887,0.5404,0.8563
CoCA_watermelon,LDF,0.2133,0.5224,0.4888,0.6836,0.6191,0.6173,0.4893,0.8094
CoCA_watermelon,U2Net,0.1768,0.5779,0.5377,0.7146,0.6691,0.6627,0.5585,0.9026
CoCA_dumbbell,CoU2Net,0.2142,0.3641,0.3541,0.5458,0.5255,0.5238,0.3288,0.7994
CoCA_dumbbell,CoLDF,0.2182,0.3684,0.3338,0.5424,0.5082,0.5207,0.3356,0.7840
CoCA_dumbbell,COEGNET,0.2256,0.2108,0.1837,0.5032,0.4649,0.4384,0.1959,0.6260
CoCA_dumbbell,GICD,0.1807,0.4248,0.4210,0.5668,0.5570,0.5764,0.3961,0.7922
CoCA_dumbbell,GCoNet,0.2067,0.3224,0.3184,0.5944,0.5647,0.4869,0.2735,0.7117
CoCA_dumbbell,LDF,0.2522,0.3354,0.3205,0.4930,0.4797,0.4999,0.2910,0.7541
CoCA_dumbbell,U2Net,0.2439,0.3423,0.3366,0.5285,0.5129,0.5213,0.2999,0.7998
CoCA_handbag,CoU2Net,0.1480,0.4854,0.4753,0.7669,0.6851,0.6328,0.4164,0.8785
CoCA_handbag,CoLDF,0.1363,0.5090,0.5019,0.7483,0.7036,0.6438,0.4540,0.8716
CoCA_handbag,COEGNET,0.0783,0.6392,0.5992,0.8129,0.7945,0.7015,0.5230,0.8296
CoCA_handbag,GICD,0.1378,0.5475,0.5321,0.7267,0.7055,0.6717,0.4800,0.8335
CoCA_handbag,GCoNet,0.1144,0.5742,0.5528,0.8188,0.7689,0.6832,0.4888,0.8517
CoCA_handbag,LDF,0.2077,0.4351,0.4288,0.6595,0.6092,0.5982,0.3931,0.8106
CoCA_handbag,U2Net,0.2096,0.4327,0.4234,0.7030,0.6204,0.5916,0.3749,0.8479
CoCA_stool,CoU2Net,0.1284,0.3773,0.3704,0.6964,0.6754,0.5697,0.2757,0.7626
CoCA_stool,CoLDF,0.1246,0.4042,0.3850,0.7149,0.7111,0.5931,0.2837,0.7584
CoCA_stool,COEGNET,0.1264,0.3846,0.2749,0.6683,0.6049,0.5285,0.2953,0.7230
CoCA_stool,GICD,0.1582,0.3544,0.3521,0.6673,0.6543,0.5422,0.2565,0.7111
CoCA_stool,GCoNet,0.1167,0.2251,0.2155,0.6518,0.6454,0.4995,0.1623,0.6043
CoCA_stool,LDF,0.1775,0.3343,0.3284,0.6434,0.5967,0.5621,0.2657,0.7601
CoCA_stool,U2Net,0.1859,0.3126,0.3057,0.6037,0.5840,0.5261,0.2374,0.7559
CoCA_thermometer,CoU2Net,0.2044,0.2035,0.1852,0.5391,0.4927,0.4808,0.1603,0.8069
CoCA_thermometer,CoLDF,0.1858,0.2134,0.2046,0.5855,0.5102,0.4948,0.1670,0.7647
CoCA_thermometer,COEGNET,0.1405,0.1978,0.1655,0.6445,0.5698,0.4905,0.1291,0.7075
CoCA_thermometer,GICD,0.1727,0.2457,0.2421,0.5335,0.5158,0.5329,0.1864,0.7486
CoCA_thermometer,GCoNet,0.1149,0.2369,0.2353,0.7034,0.6303,0.5092,0.1415,0.6881
CoCA_thermometer,LDF,0.2429,0.2037,0.1860,0.5362,0.4507,0.4824,0.1665,0.7507
CoCA_thermometer,U2Net,0.2935,0.1486,0.1256,0.4147,0.3752,0.4394,0.1195,0.8121
CoCA_dolphin,CoU2Net,0.0915,0.5696,0.5552,0.8274,0.7986,0.7071,0.4657,0.8567
CoCA_dolphin,CoLDF,0.0798,0.6184,0.6062,0.8363,0.8220,0.7379,0.5415,0.8644
CoCA_dolphin,COEGNET,0.0759,0.6333,0.5489,0.8362,0.7632,0.6542,0.4798,0.7835
CoCA_dolphin,GICD,0.0734,0.6578,0.6441,0.8180,0.7989,0.7655,0.5956,0.8975
CoCA_dolphin,GCoNet,0.0685,0.6754,0.6527,0.8681,0.8424,0.7637,0.5977,0.8937
CoCA_dolphin,LDF,0.0936,0.6042,0.5910,0.8448,0.8123,0.7336,0.5455,0.8805
CoCA_dolphin,U2Net,0.1079,0.5495,0.5310,0.8264,0.7796,0.6999,0.4632,0.8696
CoCA_macaroon,CoU2Net,0.1364,0.6052,0.5982,0.7108,0.7049,0.7192,0.5737,0.9064
CoCA_macaroon,CoLDF,0.1098,0.6536,0.6396,0.7439,0.7332,0.7357,0.6546,0.9114
CoCA_macaroon,COEGNET,0.1023,0.6472,0.5408,0.7456,0.6575,0.6270,0.4856,0.7436
CoCA_macaroon,GICD,0.2152,0.3363,0.3319,0.6172,0.6037,0.5370,0.2674,0.6696
CoCA_macaroon,GCoNet,0.1569,0.4810,0.4769,0.6729,0.6634,0.6497,0.4227,0.8085
CoCA_macaroon,LDF,0.1278,0.5895,0.5623,0.7400,0.7040,0.7106,0.5775,0.9050
CoCA_macaroon,U2Net,0.1672,0.5085,0.4947,0.6669,0.6338,0.6814,0.4818,0.9073
CoCA_binoculars,CoU2Net,0.0875,0.4406,0.4266,0.7170,0.6314,0.6551,0.3912,0.9373
CoCA_binoculars,CoLDF,0.0960,0.4548,0.4204,0.7091,0.6186,0.6437,0.4138,0.9310
CoCA_binoculars,COEGNET,0.1098,0.4301,0.3941,0.5889,0.5567,0.5958,0.3942,0.7807
CoCA_binoculars,GICD,0.1265,0.3844,0.3700,0.5969,0.5732,0.6219,0.3297,0.8623
CoCA_binoculars,GCoNet,0.0942,0.4549,0.4279,0.6900,0.6608,0.6446,0.3894,0.8722
CoCA_binoculars,LDF,0.2141,0.3323,0.3039,0.5624,0.4940,0.5570,0.3028,0.8253
CoCA_binoculars,U2Net,0.2026,0.3497,0.3317,0.5712,0.5137,0.5836,0.3140,0.8756
CoCA_gift_box,CoU2Net,0.1789,0.4623,0.4517,0.7467,0.7193,0.5906,0.3686,0.7644
CoCA_gift_box,CoLDF,0.1814,0.4748,0.4667,0.7167,0.7094,0.5841,0.4141,0.7570
CoCA_gift_box,COEGNET,0.0800,0.7317,0.6941,0.8569,0.8218,0.7403,0.6079,0.8390
CoCA_gift_box,GICD,0.1391,0.5484,0.5380,0.7670,0.7544,0.6481,0.4363,0.7694
CoCA_gift_box,GCoNet,0.1651,0.4560,0.4512,0.7309,0.7240,0.5840,0.3602,0.7423
CoCA_gift_box,LDF,0.1963,0.4912,0.4668,0.6921,0.6628,0.6204,0.4683,0.8250
CoCA_gift_box,U2Net,0.1963,0.5121,0.4750,0.7384,0.6631,0.6306,0.4641,0.8592
CoCA_wheelchair,CoU2Net,0.1063,0.5915,0.5821,0.8065,0.7978,0.6653,0.5373,0.8741
CoCA_wheelchair,CoLDF,0.0983,0.6141,0.6047,0.8261,0.8114,0.6867,0.5556,0.8762
CoCA_wheelchair,COEGNET,0.0793,0.6721,0.6003,0.8622,0.7782,0.6735,0.5265,0.7859
CoCA_wheelchair,GICD,0.1080,0.5837,0.5741,0.8396,0.8157,0.6677,0.4794,0.8324
CoCA_wheelchair,GCoNet,0.1306,0.5368,0.5155,0.7797,0.7361,0.6372,0.4575,0.8394
CoCA_wheelchair,LDF,0.1559,0.4852,0.4761,0.7421,0.6652,0.6204,0.4383,0.8790
CoCA_wheelchair,U2Net,0.1781,0.4472,0.4366,0.7428,0.6432,0.5915,0.3985,0.8903
CoCA_teddy_bear,CoU2Net,0.0711,0.6908,0.6695,0.8700,0.8359,0.7735,0.6432,0.9393
CoCA_teddy_bear,CoLDF,0.0689,0.6847,0.6731,0.8516,0.8309,0.7852,0.6358,0.9235
CoCA_teddy_bear,COEGNET,0.0473,0.7703,0.7460,0.8893,0.8573,0.7941,0.6349,0.8622
CoCA_teddy_bear,GICD,0.0676,0.6561,0.6485,0.8469,0.8429,0.7576,0.5481,0.8408
CoCA_teddy_bear,GCoNet,0.0692,0.6914,0.6542,0.8786,0.8429,0.7542,0.6148,0.9056
CoCA_teddy_bear,LDF,0.1087,0.5666,0.5540,0.7892,0.7365,0.7073,0.5153,0.8989
CoCA_teddy_bear,U2Net,0.1148,0.5763,0.5496,0.8057,0.7394,0.6964,0.5228,0.9213
CoCA_toy_car,CoU2Net,0.0489,0.6790,0.6636,0.8956,0.8188,0.8066,0.6630,0.9714
CoCA_toy_car,CoLDF,0.0468,0.7008,0.6882,0.8566,0.8286,0.8102,0.6756,0.9555
CoCA_toy_car,COEGNET,0.0689,0.6516,0.5948,0.8261,0.7456,0.6925,0.5159,0.8192
CoCA_toy_car,GICD,0.0937,0.6440,0.6303,0.7763,0.7654,0.7674,0.6096,0.8986
CoCA_toy_car,GCoNet,0.0496,0.7721,0.7371,0.8837,0.8709,0.8057,0.7194,0.9103
CoCA_toy_car,LDF,0.1302,0.5748,0.5422,0.7652,0.7240,0.7117,0.5553,0.8859
CoCA_toy_car,U2Net,0.1435,0.5363,0.5099,0.7355,0.6780,0.6935,0.5108,0.9140
CoCA_persimmon,CoU2Net,0.0901,0.7493,0.7369,0.8646,0.8558,0.7871,0.6714,0.9066
CoCA_persimmon,CoLDF,0.0823,0.7484,0.7437,0.8710,0.8542,0.7996,0.6867,0.9135
CoCA_persimmon,COEGNET,0.0980,0.8620,0.8234,0.8452,0.7989,0.7651,0.7176,0.8358
CoCA_persimmon,GICD,0.1079,0.7305,0.7144,0.8145,0.7987,0.7765,0.6881,0.8979
CoCA_persimmon,GCoNet,0.0668,0.8515,0.8279,0.9007,0.8903,0.8312,0.8104,0.9385
CoCA_persimmon,LDF,0.0764,0.7811,0.7581,0.8831,0.8559,0.8002,0.7558,0.9474
CoCA_persimmon,U2Net,0.0885,0.7706,0.7509,0.8722,0.8381,0.7921,0.7557,0.9412
CoCA_stethoscope,CoU2Net,0.1246,0.3749,0.3565,0.6599,0.6358,0.5714,0.2994,0.8320
CoCA_stethoscope,CoLDF,0.0901,0.5186,0.5027,0.7896,0.7616,0.6548,0.4517,0.8659
CoCA_stethoscope,COEGNET,0.1074,0.3156,0.2852,0.6237,0.5578,0.5153,0.2125,0.6357
CoCA_stethoscope,GICD,0.1592,0.3542,0.3510,0.6457,0.6366,0.5517,0.2591,0.7427
CoCA_stethoscope,GCoNet,0.1213,0.3874,0.3834,0.7366,0.6921,0.5903,0.2752,0.7651
CoCA_stethoscope,LDF,0.2303,0.3688,0.3580,0.6332,0.5774,0.5556,0.3438,0.8044
CoCA_stethoscope,U2Net,0.2663,0.2698,0.2502,0.5695,0.4936,0.4805,0.2578,0.7875
CoCA_guitar,CoU2Net,0.1391,0.5596,0.5102,0.7424,0.6825,0.6344,0.5264,0.8481
CoCA_guitar,CoLDF,0.1260,0.5653,0.5580,0.7301,0.7062,0.6504,0.5425,0.8329
CoCA_guitar,COEGNET,0.1477,0.5767,0.5416,0.6336,0.6057,0.5962,0.4984,0.7363
CoCA_guitar,GICD,0.1173,0.5768,0.5711,0.7482,0.7366,0.6562,0.5054,0.8442
CoCA_guitar,GCoNet,0.1330,0.5309,0.5269,0.7376,0.7339,0.6240,0.4013,0.7367
CoCA_guitar,LDF,0.1955,0.4597,0.4481,0.5970,0.5797,0.5687,0.4637,0.8488
CoCA_guitar,U2Net,0.2189,0.4263,0.4092,0.5639,0.5512,0.5462,0.3968,0.8778
CoCA_dice,CoU2Net,0.1490,0.2772,0.2581,0.6514,0.4923,0.5417,0.2281,0.8566
CoCA_dice,CoLDF,0.1204,0.3064,0.3007,0.5523,0.5276,0.5746,0.2784,0.8707
CoCA_dice,COEGNET,0.0672,0.3142,0.3012,0.6655,0.6351,0.5840,0.1875,0.7177
CoCA_dice,GICD,0.2018,0.1563,0.1545,0.4060,0.3957,0.4831,0.1133,0.7254
CoCA_dice,GCoNet,0.1018,0.3110,0.2746,0.5966,0.5322,0.5768,0.2177,0.8051
CoCA_dice,LDF,0.1752,0.2419,0.2392,0.4868,0.4635,0.5324,0.2223,0.8241
CoCA_dice,U2Net,0.2376,0.1945,0.1837,0.4455,0.4104,0.4791,0.1575,0.8088
CoCA_roller-skating,CoU2Net,0.0938,0.4004,0.3918,0.7323,0.6385,0.6296,0.3404,0.8976
CoCA_roller-skating,CoLDF,0.0973,0.3945,0.3894,0.6622,0.6290,0.6201,0.3462,0.8794
CoCA_roller-skating,COEGNET,0.0869,0.3905,0.3811,0.7311,0.6873,0.5997,0.2760,0.7528
CoCA_roller-skating,GICD,0.0812,0.4189,0.4071,0.6485,0.6223,0.6606,0.3631,0.9041
CoCA_roller-skating,GCoNet,0.0931,0.4297,0.4053,0.6599,0.6193,0.6519,0.3787,0.9023
CoCA_roller-skating,LDF,0.1156,0.3682,0.3554,0.5898,0.5665,0.6313,0.3418,0.9076
CoCA_roller-skating,U2Net,0.1081,0.3755,0.3658,0.6407,0.5721,0.6477,0.3335,0.9378
CoCA_doughnut,CoU2Net,0.1316,0.6361,0.5588,0.7528,0.6926,0.6746,0.6064,0.9068
CoCA_doughnut,CoLDF,0.1292,0.5882,0.5604,0.7591,0.6871,0.6776,0.5553,0.8796
CoCA_doughnut,COEGNET,0.0207,0.8490,0.8406,0.9688,0.9609,0.8834,0.7566,0.9105
CoCA_doughnut,GICD,0.0702,0.7270,0.7028,0.8417,0.8269,0.8009,0.6960,0.9308
CoCA_doughnut,GCoNet,0.0501,0.7972,0.7659,0.8885,0.8706,0.8340,0.7704,0.9532
CoCA_doughnut,LDF,0.1340,0.6140,0.5742,0.7985,0.7120,0.7142,0.5894,0.9128
CoCA_doughnut,U2Net,0.1381,0.6536,0.5519,0.7954,0.6963,0.6996,0.6334,0.9547
CoCA_pineapple,CoU2Net,0.1247,0.5380,0.5157,0.7600,0.7279,0.6489,0.4569,0.8107
CoCA_pineapple,CoLDF,0.1299,0.5913,0.5071,0.7764,0.7221,0.6142,0.4796,0.8236
CoCA_pineapple,COEGNET,0.1783,0.3351,0.2214,0.6529,0.5575,0.4619,0.2606,0.6286
CoCA_pineapple,GICD,0.1576,0.5559,0.5489,0.6895,0.6797,0.6271,0.4916,0.7745
CoCA_pineapple,GCoNet,0.1284,0.5563,0.5470,0.7428,0.7327,0.6236,0.4551,0.7739
CoCA_pineapple,LDF,0.2470,0.3848,0.3112,0.5755,0.5551,0.4915,0.3133,0.7242
CoCA_pineapple,U2Net,0.2052,0.3951,0.3859,0.6842,0.6443,0.5562,0.3377,0.7575
CoCA_headphone,CoU2Net,0.0983,0.5596,0.5378,0.7734,0.7431,0.6862,0.5013,0.8876
CoCA_headphone,CoLDF,0.0895,0.6082,0.5953,0.7871,0.7814,0.7117,0.5547,0.8830
CoCA_headphone,COEGNET,0.1118,0.4137,0.3907,0.7095,0.6616,0.5612,0.3214,0.7006
CoCA_headphone,GICD,0.1587,0.4453,0.4363,0.6551,0.6347,0.5988,0.3756,0.8016
CoCA_headphone,GCoNet,0.0957,0.5715,0.5505,0.7957,0.7621,0.6793,0.4962,0.8654
CoCA_headphone,LDF,0.1846,0.4572,0.4411,0.6535,0.6156,0.6093,0.4221,0.8312
CoCA_headphone,U2Net,0.1969,0.4750,0.4413,0.6677,0.6000,0.6094,0.4431,0.8627
CoCA_baseball,CoU2Net,0.1184,0.2493,0.2433,0.6685,0.4510,0.5797,0.2046,0.8512
CoCA_baseball,CoLDF,0.1040,0.2875,0.2663,0.5078,0.4876,0.5744,0.2133,0.7940
CoCA_baseball,COEGNET,0.0531,0.3761,0.3680,0.6424,0.6097,0.6248,0.2473,0.7801
CoCA_baseball,GICD,0.0845,0.4039,0.3920,0.5814,0.5718,0.6674,0.3295,0.8434
CoCA_baseball,GCoNet,0.0382,0.4717,0.4487,0.6489,0.6320,0.7164,0.3862,0.8888
CoCA_baseball,LDF,0.1678,0.2458,0.2276,0.4493,0.4290,0.5470,0.2110,0.8158
CoCA_baseball,U2Net,0.1853,0.2305,0.2210,0.5409,0.4178,0.5211,0.2155,0.8544
CoCA_hat,CoU2Net,0.1037,0.5081,0.4855,0.7149,0.6781,0.6804,0.4371,0.8971
CoCA_hat,CoLDF,0.1150,0.4902,0.4732,0.7311,0.7122,0.6547,0.4157,0.8504
CoCA_hat,COEGNET,0.0919,0.5538,0.5225,0.7855,0.7614,0.6597,0.3903,0.7658
CoCA_hat,GICD,0.0717,0.6320,0.6123,0.7947,0.7733,0.7541,0.5839,0.9241
CoCA_hat,GCoNet,0.0837,0.6047,0.5831,0.8001,0.7742,0.7176,0.5306,0.8906
CoCA_hat,LDF,0.1498,0.4914,0.4479,0.7153,0.6455,0.6340,0.4311,0.8454
CoCA_hat,U2Net,0.1304,0.5311,0.4935,0.7201,0.6700,0.6795,0.4771,0.9155
CoCA_soap_bubble,CoU2Net,0.0882,0.4480,0.4344,0.6798,0.6639,0.6435,0.2951,0.7404
CoCA_soap_bubble,CoLDF,0.1109,0.4334,0.4051,0.6439,0.6355,0.5994,0.3302,0.7117
CoCA_soap_bubble,COEGNET,0.0974,0.5623,0.4350,0.7026,0.6020,0.5996,0.3653,0.7091
CoCA_soap_bubble,GICD,0.0633,0.6461,0.6383,0.8666,0.8546,0.7504,0.5099,0.8367
CoCA_soap_bubble,GCoNet,0.0733,0.5784,0.5748,0.8244,0.8061,0.7064,0.4623,0.8374
CoCA_soap_bubble,LDF,0.1567,0.4203,0.4137,0.6346,0.6069,0.6094,0.3361,0.7761
CoCA_soap_bubble,U2Net,0.1412,0.3992,0.3858,0.6813,0.6525,0.6185,0.2975,0.7757
CoCA_pumpkin,CoU2Net,0.1215,0.6636,0.6292,0.8167,0.7890,0.7012,0.5952,0.8832
CoCA_pumpkin,CoLDF,0.1209,0.6899,0.6372,0.8389,0.7964,0.7081,0.6048,0.8506
CoCA_pumpkin,COEGNET,0.0572,0.8227,0.7758,0.8722,0.8072,0.7526,0.6885,0.8372
CoCA_pumpkin,GICD,0.1088,0.6945,0.6809,0.8091,0.7906,0.7662,0.6496,0.8780
CoCA_pumpkin,GCoNet,0.0524,0.8326,0.8124,0.9131,0.8979,0.8336,0.7842,0.9381
CoCA_pumpkin,LDF,0.1742,0.6129,0.5549,0.7515,0.6681,0.6593,0.5691,0.8583
CoCA_pumpkin,U2Net,0.2108,0.5833,0.5160,0.7124,0.6232,0.6206,0.5830,0.9146
CoCA_fishing_rod,CoU2Net,0.0589,0.4343,0.4070,0.7476,0.7247,0.6353,0.3303,0.8168
CoCA_fishing_rod,CoLDF,0.0410,0.5051,0.4904,0.8352,0.8288,0.6883,0.3999,0.8534
CoCA_fishing_rod,COEGNET,0.0912,0.3535,0.2663,0.5891,0.5080,0.5259,0.2660,0.7018
CoCA_fishing_rod,GICD,0.0701,0.4768,0.4715,0.7638,0.7602,0.6528,0.3338,0.7659
CoCA_fishing_rod,GCoNet,0.0557,0.4576,0.4524,0.7638,0.7597,0.6492,0.3037,0.7550
CoCA_fishing_rod,LDF,0.0966,0.4069,0.3974,0.6804,0.6659,0.6517,0.3430,0.8504
CoCA_fishing_rod,U2Net,0.1173,0.3664,0.3346,0.5997,0.5876,0.6003,0.3085,0.8110
CoCA_belt,CoU2Net,0.1585,0.2759,0.2229,0.5719,0.5531,0.5086,0.2142,0.6993
CoCA_belt,CoLDF,0.1709,0.3141,0.2864,0.5517,0.5299,0.5354,0.3091,0.7444
CoCA_belt,COEGNET,0.1556,0.2597,0.2021,0.6020,0.5493,0.4960,0.1913,0.6994
CoCA_belt,GICD,0.1874,0.2948,0.2902,0.6148,0.5947,0.5128,0.2045,0.6687
CoCA_belt,GCoNet,0.2073,0.2674,0.2590,0.5645,0.5414,0.5029,0.1813,0.6304
CoCA_belt,LDF,0.3105,0.1902,0.1877,0.4808,0.4277,0.4336,0.1838,0.7043
CoCA_belt,U2Net,0.2495,0.1908,0.1807,0.5284,0.4829,0.4496,0.1772,0.7231
CoCA_moon,CoU2Net,0.1340,0.0605,0.0544,0.5878,0.3596,0.4597,0.0158,0.4944
CoCA_moon,CoLDF,0.0998,0.0670,0.0611,0.4530,0.4174,0.4760,0.0164,0.5073
CoCA_moon,COEGNET,0.0447,0.1847,0.1234,0.5682,0.5003,0.5270,0.0537,0.5896
CoCA_moon,GICD,0.0949,0.1660,0.1517,0.4626,0.4455,0.5528,0.0800,0.6821
CoCA_moon,GCoNet,0.0295,0.3550,0.3220,0.7097,0.6278,0.6297,0.2216,0.7677
CoCA_moon,LDF,0.1264,0.2514,0.2144,0.4911,0.4662,0.5626,0.1537,0.7370
CoCA_moon,U2Net,0.2052,0.0382,0.0293,0.3417,0.3030,0.4412,0.0173,0.6159
CoCA_harp,CoU2Net,0.1342,0.5333,0.4740,0.7585,0.7232,0.5975,0.3958,0.7389
CoCA_harp,CoLDF,0.1206,0.5680,0.5464,0.8284,0.7982,0.6341,0.4182,0.7396
CoCA_harp,COEGNET,0.1532,0.5002,0.4296,0.7132,0.6634,0.5686,0.4036,0.7272
CoCA_harp,GICD,0.1526,0.5406,0.5369,0.7187,0.7130,0.6063,0.4213,0.7130
CoCA_harp,GCoNet,0.1314,0.5731,0.5683,0.7158,0.7119,0.6302,0.4544,0.7338
CoCA_harp,LDF,0.1915,0.4391,0.4239,0.7878,0.7338,0.5733,0.3307,0.7216
CoCA_harp,U2Net,0.2088,0.4174,0.3701,0.7085,0.6971,0.5389,0.3159,0.7293
CoCA_Yellow_duck,CoU2Net,0.1046,0.5189,0.4910,0.7522,0.7015,0.6894,0.4649,0.9138
CoCA_Yellow_duck,CoLDF,0.0937,0.5344,0.5207,0.7689,0.7190,0.7123,0.5054,0.9241
CoCA_Yellow_duck,COEGNET,0.0384,0.6965,0.6905,0.8311,0.8176,0.7514,0.6183,0.8723
CoCA_Yellow_duck,GICD,0.1854,0.3177,0.3085,0.6237,0.6060,0.5383,0.2144,0.6686
CoCA_Yellow_duck,GCoNet,0.0675,0.5863,0.5560,0.7525,0.7426,0.7147,0.5370,0.9033
CoCA_Yellow_duck,LDF,0.2289,0.3982,0.3810,0.6129,0.5587,0.5721,0.3753,0.8147
CoCA_Yellow_duck,U2Net,0.3043,0.3565,0.3388,0.5466,0.5110,0.5243,0.3288,0.8232
CoCA_alarm_clock,CoU2Net,0.0561,0.7937,0.7653,0.8981,0.8551,0.7816,0.6375,0.8404
CoCA_alarm_clock,CoLDF,0.0523,0.8053,0.8011,0.9017,0.8626,0.8057,0.6576,0.8386
CoCA_alarm_clock,COEGNET,0.0679,0.8262,0.6511,0.8431,0.7064,0.6909,0.6358,0.8043
CoCA_alarm_clock,GICD,0.0748,0.7220,0.7032,0.8742,0.8551,0.7833,0.6629,0.9063
CoCA_alarm_clock,GCoNet,0.0454,0.8105,0.7778,0.9335,0.9103,0.8338,0.7672,0.9453
CoCA_alarm_clock,LDF,0.1747,0.5518,0.5187,0.7303,0.6602,0.6604,0.5148,0.8387
CoCA_alarm_clock,U2Net,0.1866,0.5604,0.5041,0.7273,0.6661,0.6435,0.5357,0.8843
CoCA_watering_can,CoU2Net,0.1057,0.4847,0.4709,0.7654,0.6870,0.6636,0.4279,0.8713
CoCA_watering_can,CoLDF,0.0893,0.5176,0.5126,0.7639,0.7086,0.6868,0.5045,0.8890
CoCA_watering_can,COEGNET,0.0954,0.4144,0.3852,0.7366,0.7095,0.6074,0.2915,0.7502
CoCA_watering_can,GICD,0.1049,0.4712,0.4614,0.7053,0.6906,0.6429,0.3856,0.8204
CoCA_watering_can,GCoNet,0.0977,0.4847,0.4663,0.6998,0.6694,0.6555,0.4251,0.8571
CoCA_watering_can,LDF,0.1304,0.4643,0.4466,0.6986,0.6478,0.6519,0.4652,0.8979
CoCA_watering_can,U2Net,0.1547,0.4004,0.3874,0.6676,0.5933,0.6229,0.3466,0.8688
CoCA_tomato,CoU2Net,0.1684,0.4339,0.3875,0.7183,0.6566,0.5943,0.3534,0.8064
CoCA_tomato,CoLDF,0.1722,0.4019,0.3679,0.7143,0.6304,0.5854,0.3119,0.7852
CoCA_tomato,COEGNET,0.0647,0.6202,0.5468,0.8171,0.7327,0.6503,0.4501,0.7538
CoCA_tomato,GICD,0.1725,0.3424,0.3367,0.6441,0.6297,0.5789,0.2531,0.7313
CoCA_tomato,GCoNet,0.0941,0.5983,0.5778,0.8079,0.7836,0.7081,0.5229,0.8689
CoCA_tomato,LDF,0.2456,0.3806,0.3419,0.6119,0.5129,0.5471,0.3395,0.8190
CoCA_tomato,U2Net,0.2383,0.4516,0.3611,0.6406,0.5321,0.5674,0.4348,0.8851
CoCA_minions,CoU2Net,0.1085,0.7335,0.7089,0.8287,0.8141,0.7523,0.6926,0.8985
CoCA_minions,CoLDF,0.1061,0.7182,0.6938,0.8225,0.8062,0.7501,0.6762,0.8811
CoCA_minions,COEGNET,0.1393,0.7121,0.6668,0.7966,0.7470,0.6651,0.5743,0.7662
CoCA_minions,GICD,0.1320,0.6614,0.6499,0.7875,0.7745,0.7221,0.5992,0.8406
CoCA_minions,GCoNet,0.1162,0.7198,0.6988,0.8520,0.8358,0.7368,0.6374,0.8478
CoCA_minions,LDF,0.1682,0.6074,0.5931,0.7394,0.7064,0.6957,0.5711,0.8438
CoCA_minions,U2Net,0.1755,0.6394,0.6168,0.7453,0.7183,0.7008,0.6245,0.8959
CoCA_calculator,CoU2Net,0.0873,0.7436,0.7023,0.8031,0.7601,0.7386,0.6381,0.8518
CoCA_calculator,CoLDF,0.0806,0.7489,0.7434,0.8040,0.7973,0.7524,0.6534,0.8457
CoCA_calculator,COEGNET,0.0942,0.6629,0.6280,0.8399,0.7904,0.6925,0.4707,0.7556
CoCA_calculator,GICD,0.1187,0.6606,0.6513,0.8188,0.8138,0.6809,0.5627,0.8291
CoCA_calculator,GCoNet,0.1842,0.6141,0.5846,0.7361,0.7054,0.6648,0.5696,0.8141
CoCA_calculator,LDF,0.1526,0.6696,0.6427,0.7916,0.7607,0.7124,0.6433,0.8629
CoCA_calculator,U2Net,0.1556,0.6091,0.5803,0.7859,0.7642,0.6993,0.5648,0.8996
CoCA_ice_cream,CoU2Net,0.1516,0.4485,0.4337,0.7175,0.6587,0.6500,0.3886,0.8706
CoCA_ice_cream,CoLDF,0.1576,0.4684,0.4166,0.6984,0.6404,0.6362,0.4023,0.8213
CoCA_ice_cream,COEGNET,0.1014,0.6012,0.5682,0.7266,0.7099,0.6937,0.5567,0.8274
CoCA_ice_cream,GICD,0.0785,0.5618,0.5563,0.7076,0.7046,0.6930,0.5222,0.8658
CoCA_ice_cream,GCoNet,0.0420,0.6818,0.6422,0.8202,0.8027,0.7865,0.5802,0.8888
CoCA_ice_cream,LDF,0.1916,0.4863,0.4009,0.6663,0.5826,0.6233,0.4544,0.8533
CoCA_ice_cream,U2Net,0.1840,0.4689,0.4060,0.6658,0.5909,0.6458,0.4382,0.9114
CoCA_rolling_pin,CoU2Net,0.1606,0.3148,0.3030,0.6693,0.6370,0.5408,0.2224,0.7170
CoCA_rolling_pin,CoLDF,0.1399,0.3414,0.3281,0.6989,0.6922,0.5437,0.2419,0.6871
CoCA_rolling_pin,COEGNET,0.1156,0.4030,0.3112,0.7503,0.6582,0.5306,0.2546,0.6945
CoCA_rolling_pin,GICD,0.1914,0.3569,0.3497,0.6659,0.6484,0.5238,0.2523,0.6875
CoCA_rolling_pin,GCoNet,0.1763,0.3328,0.3313,0.6823,0.6537,0.5298,0.2358,0.7044
CoCA_rolling_pin,LDF,0.1720,0.3466,0.3215,0.7098,0.6579,0.5458,0.2601,0.7530
CoCA_rolling_pin,U2Net,0.2466,0.3042,0.2923,0.6340,0.5403,0.5192,0.2400,0.7726
CoCA_avocado,CoU2Net,0.1259,0.5567,0.5392,0.7402,0.7023,0.6841,0.4889,0.8661
CoCA_avocado,CoLDF,0.1317,0.5398,0.5288,0.7521,0.7028,0.6793,0.4812,0.8442
CoCA_avocado,COEGNET,0.1026,0.4265,0.4221,0.7921,0.7560,0.6055,0.2846,0.6922
CoCA_avocado,GICD,0.1255,0.5649,0.5524,0.7370,0.7190,0.6916,0.5024,0.8511
CoCA_avocado,GCoNet,0.0983,0.6207,0.6025,0.7845,0.7648,0.7230,0.5462,0.8658
CoCA_avocado,LDF,0.1754,0.5133,0.4838,0.7054,0.6416,0.6402,0.4869,0.8604
CoCA_avocado,U2Net,0.1866,0.4953,0.4763,0.6710,0.6301,0.6335,0.4771,0.8888
CoCA_clover,CoU2Net,0.1134,0.5376,0.5069,0.7197,0.7055,0.6604,0.4432,0.8551
CoCA_clover,CoLDF,0.1140,0.4417,0.4304,0.6826,0.6467,0.6267,0.3589,0.8093
CoCA_clover,COEGNET,0.0744,0.5940,0.4787,0.7750,0.6711,0.6562,0.4579,0.8148
CoCA_clover,GICD,0.0944,0.4981,0.4862,0.6953,0.6931,0.6542,0.3442,0.7509
CoCA_clover,GCoNet,0.1363,0.3547,0.3488,0.5668,0.5634,0.5532,0.3580,0.7394
CoCA_clover,LDF,0.1255,0.4794,0.4423,0.6629,0.6530,0.6394,0.3955,0.8220
CoCA_clover,U2Net,0.1255,0.5430,0.5140,0.7141,0.6972,0.6821,0.4665,0.8730
CoCA_candle,CoU2Net,0.0687,0.3653,0.3261,0.7411,0.6943,0.5991,0.2563,0.8205
CoCA_candle,CoLDF,0.0559,0.4797,0.4407,0.7993,0.7808,0.6636,0.3353,0.8111
CoCA_candle,COEGNET,0.1107,0.3481,0.3313,0.6966,0.6431,0.5877,0.2150,0.6945
CoCA_candle,GICD,0.0762,0.4671,0.4448,0.7384,0.7026,0.6957,0.3638,0.8442
CoCA_candle,GCoNet,0.0477,0.5470,0.4953,0.8358,0.7744,0.7259,0.4492,0.8981
CoCA_candle,LDF,0.1791,0.4153,0.2694,0.6848,0.5410,0.5836,0.3082,0.8089
CoCA_candle,U2Net,0.2653,0.2181,0.2075,0.4907,0.4601,0.5198,0.1880,0.7749
CoCA_typewriter,CoU2Net,0.1436,0.7699,0.6813,0.7919,0.7139,0.6777,0.6634,0.8186
CoCA_typewriter,CoLDF,0.1414,0.7320,0.7057,0.7686,0.7358,0.6890,0.6492,0.8057
CoCA_typewriter,COEGNET,0.1760,0.7014,0.5240,0.7059,0.5752,0.6013,0.5946,0.7610
CoCA_typewriter,GICD,0.0899,0.8036,0.7985,0.8667,0.8638,0.8002,0.7517,0.8933
CoCA_typewriter,GCoNet,0.1107,0.7679,0.7632,0.8237,0.8209,0.7611,0.7136,0.8636
CoCA_typewriter,LDF,0.1638,0.6491,0.6339,0.7674,0.7469,0.6968,0.6966,0.8757
CoCA_typewriter,U2Net,0.1627,0.6494,0.6251,0.7535,0.7293,0.7020,0.6458,0.9164
CoCA_glove,CoU2Net,0.2048,0.4934,0.4790,0.6624,0.6477,0.5901,0.4193,0.8259
CoCA_glove,CoLDF,0.2115,0.4422,0.4367,0.6368,0.6339,0.5694,0.3682,0.7678
CoCA_glove,COEGNET,0.1032,0.6446,0.6222,0.7810,0.7365,0.6881,0.5242,0.7729
CoCA_glove,GICD,0.2019,0.4383,0.4326,0.6180,0.6147,0.5719,0.3718,0.7394
CoCA_glove,GCoNet,0.1511,0.5475,0.5265,0.7366,0.7272,0.6351,0.4347,0.7863
CoCA_glove,LDF,0.2944,0.3711,0.3613,0.5461,0.5429,0.5013,0.3109,0.7036
CoCA_glove,U2Net,0.2606,0.4798,0.4645,0.6075,0.5906,0.5683,0.4339,0.8398
CoCA_pillow,CoU2Net,0.1636,0.4337,0.4184,0.6548,0.6372,0.5950,0.4071,0.8490
CoCA_pillow,CoLDF,0.1777,0.3915,0.3826,0.6366,0.6023,0.5527,0.3643,0.7989
CoCA_pillow,COEGNET,0.1276,0.4602,0.4039,0.6723,0.6176,0.5959,0.3899,0.8305
CoCA_pillow,GICD,0.1547,0.3657,0.3617,0.6213,0.6109,0.5705,0.2930,0.7292
CoCA_pillow,GCoNet,0.1432,0.4509,0.4342,0.6436,0.6164,0.6092,0.3937,0.8177
CoCA_pillow,LDF,0.1679,0.4518,0.4274,0.6544,0.6006,0.5924,0.4250,0.8574
CoCA_pillow,U2Net,0.1430,0.4913,0.4729,0.6709,0.6476,0.6427,0.4718,0.9250
CoCA_whisk,CoU2Net,0.1840,0.2415,0.2270,0.6295,0.5793,0.5016,0.1678,0.6843
CoCA_whisk,CoLDF,0.1503,0.3093,0.2978,0.6265,0.6178,0.5548,0.2175,0.6825
CoCA_whisk,COEGNET,0.1089,0.2832,0.2771,0.7050,0.6947,0.5370,0.1571,0.6287
CoCA_whisk,GICD,0.2238,0.2887,0.2829,0.5475,0.5398,0.5179,0.2171,0.6906
CoCA_whisk,GCoNet,0.1716,0.2688,0.2659,0.6398,0.6032,0.5298,0.1631,0.6616
CoCA_whisk,LDF,0.1962,0.3573,0.3322,0.6079,0.5716,0.5639,0.2818,0.7371
CoCA_whisk,U2Net,0.2980,0.2427,0.2178,0.5616,0.4626,0.4737,0.1853,0.7350
CoCA_camel,CoU2Net,0.0593,0.7975,0.7674,0.9188,0.9025,0.8181,0.7887,0.9431
CoCA_camel,CoLDF,0.0541,0.8093,0.7851,0.9296,0.9156,0.8284,0.7865,0.9325
CoCA_camel,COEGNET,0.0754,0.7921,0.7205,0.8181,0.7348,0.7108,0.6174,0.7841
CoCA_camel,GICD,0.0569,0.8017,0.7852,0.9226,0.9100,0.8323,0.7503,0.9247
CoCA_camel,GCoNet,0.0584,0.7982,0.7698,0.9368,0.9097,0.8236,0.7581,0.9365
CoCA_camel,LDF,0.0735,0.7538,0.7295,0.9067,0.8745,0.8025,0.7444,0.9412
CoCA_camel,U2Net,0.0934,0.7489,0.6968,0.9040,0.8397,0.7834,0.7479,0.9564
CoCA_waffles,CoU2Net,0.1187,0.6628,0.6510,0.8342,0.8160,0.7272,0.5763,0.8553
CoCA_waffles,CoLDF,0.1316,0.6390,0.6166,0.7984,0.7682,0.7146,0.5913,0.8364
CoCA_waffles,COEGNET,0.1545,0.5432,0.5010,0.7272,0.7080,0.6289,0.4569,0.7588
CoCA_waffles,GICD,0.2252,0.5031,0.4968,0.6849,0.6720,0.6059,0.4092,0.7040
CoCA_waffles,GCoNet,0.1290,0.6660,0.6460,0.8280,0.8047,0.7212,0.5784,0.8293
CoCA_waffles,LDF,0.2257,0.5424,0.4822,0.7269,0.6457,0.6101,0.4737,0.7760
CoCA_waffles,U2Net,0.2037,0.5523,0.5219,0.7056,0.6786,0.6404,0.4906,0.8509
CoCA_boots,CoU2Net,0.1237,0.5284,0.5221,0.7371,0.7230,0.6506,0.4471,0.8247
CoCA_boots,CoLDF,0.1189,0.5541,0.5459,0.7594,0.7386,0.6605,0.4749,0.8189
CoCA_boots,COEGNET,0.1382,0.4509,0.4363,0.7262,0.7008,0.6000,0.3361,0.7064
CoCA_boots,GICD,0.0989,0.6012,0.5976,0.7474,0.7444,0.6936,0.4956,0.8065
CoCA_boots,GCoNet,0.0989,0.5666,0.5588,0.7733,0.7556,0.6772,0.4761,0.8371
CoCA_boots,LDF,0.1585,0.5300,0.4935,0.7174,0.6545,0.6594,0.5014,0.8727
CoCA_boots,U2Net,0.1623,0.4890,0.4831,0.6668,0.6403,0.6566,0.4581,0.8893
CoCA_butterfly,CoU2Net,0.0678,0.7491,0.7076,0.8881,0.8458,0.8111,0.7134,0.9405
CoCA_butterfly,CoLDF,0.0375,0.8395,0.8198,0.9156,0.9046,0.8763,0.8431,0.9701
CoCA_butterfly,COEGNET,0.0644,0.7223,0.7075,0.8981,0.8828,0.7748,0.6010,0.8342
CoCA_butterfly,GICD,0.0340,0.8799,0.8723,0.9224,0.9187,0.8923,0.8356,0.9358
CoCA_butterfly,GCoNet,0.0283,0.9105,0.9020,0.9525,0.9471,0.8976,0.8622,0.9380
CoCA_butterfly,LDF,0.0615,0.7936,0.7757,0.8633,0.8554,0.8598,0.8023,0.9535
CoCA_butterfly,U2Net,0.1212,0.6649,0.6121,0.7939,0.7370,0.7659,0.6357,0.9179
CoCA_key,CoU2Net,0.1195,0.3674,0.3470,0.6531,0.6263,0.6214,0.3052,0.8062
CoCA_key,CoLDF,0.1095,0.4320,0.4138,0.7449,0.6885,0.6644,0.3334,0.8076
CoCA_key,COEGNET,0.0890,0.4688,0.4513,0.6986,0.6686,0.6191,0.3259,0.6994
CoCA_key,GICD,0.0898,0.5274,0.5117,0.7681,0.7290,0.7154,0.4648,0.8813
CoCA_key,GCoNet,0.0593,0.6236,0.5954,0.8354,0.8036,0.7258,0.5557,0.8941
CoCA_key,LDF,0.1707,0.3506,0.3370,0.5852,0.5439,0.6370,0.3112,0.8250
CoCA_key,U2Net,0.1967,0.2750,0.2657,0.5783,0.4898,0.5834,0.2372,0.8203
